subject,group,line60_ratio,pow_64_128,n_seg
sub-hc1,0,1.3235918284765429,-2.139030783555104,19
sub-hc2,0,8.034839583575243,-2.9746170374260092,19
sub-hc4,0,1.1433050546816839,-2.038775841187281,18
sub-hc7,0,1.3039513367801936,-2.7662432638045753,19
sub-hc8,0,1.5629427710487218,-1.3155736190966456,19
sub-hc10,0,2.9043271005795877,-2.585122021456942,20
sub-hc18,0,1.7309516558591298,-3.1909390010636733,18
sub-hc20,0,1.207621677903691,-2.7866221667254485,18
sub-hc21,0,1.0118326074177504,-1.9971199238136041,18
sub-hc24,0,2.4199409853508107,-2.128494979695722,19
sub-hc25,0,0.9811220810592425,-1.5024431638426412,20
sub-hc29,0,1.1264455654020722,-2.3657280699265355,19
sub-hc30,0,1.0701521162612542,-2.4347246207807562,18
sub-hc31,0,1.1844957623765167,-0.4271402674576337,18
sub-hc32,0,1.0441180371806373,-5.183755555874092,19
sub-hc33,0,0.9989250037117118,-1.4920746411489267,19
sub-pd3,1,1.1184147892095666,-1.8323243722540514,20
sub-pd5,1,1.2609749696757717,-1.6650640568536061,19
sub-pd6,1,1.3165320288413302,-1.8284303018237011,19
sub-pd9,1,11.75625233717122,-2.810821542383288,19
sub-pd12,1,1.0269480726941853,-1.457469987913054,20
sub-pd11,1,2.8924147606370414,-3.033677312001155,18
sub-pd13,1,1.066224737795821,-2.452958781637126,18
sub-pd14,1,1.0318512376235693,-1.540838353281915,29
sub-pd16,1,1.0532286296186077,-1.7093345608707584,18
sub-pd17,1,1.0242560558041882,-1.9647011172903586,18
sub-pd19,1,0.9967287840413062,-0.2315120780221975,18
sub-pd22,1,1.1796422970783786,-1.942399998451649,18
sub-pd23,1,1.1205170894029268,1.0009069307104295,20
sub-pd26,1,1.189069732194402,-0.07041057763427583,19
sub-pd28,1,1.053957962411561,-1.8631281438143734,20
