8010_1_PD_REST.mat	57c15ad936fc0ec243fec090e77fb9d0c876cb048485da81540dddc111695826
801_1_PD_REST.mat	b7bdca0496a8e06988727f04bf44046a25f87a3757280f31594b20257000961e
801_2_PD_REST.mat	8fec5cf903c245790aed9798351b8813bdba73aab83cb72ac18ceb53cf6e5cb6
802_1_PD_REST.mat	054847f8f080d69e8ae8b626f780b3cf86dc8027ce67f66442ada2bcd253ca1a
802_2_PD_REST.mat	f98b5037aeba29654fb4b0c8444bf147e2d5c68f98011cfee63ea687f5f10e69
803_1_PD_REST.mat	ef69eb573f7ece25dab5abc604b0d340e6ec079e2f42af5a7ece36232c2a21b5
803_2_PD_REST.mat	4ee2084c88f7835fe7bbbc2f5d5fc0ee5794ac4b21f05aa0b7d12235d430cf60
804_1_PD_REST.mat	0d52a90d89d5a7b90fcb0a9e4f6d504f40309dd78a25cbcc0e72d1f8b104006b
804_2_PD_REST.mat	5c9e26d5e9ce851389bb3bce64c69346cc08da5aba588634f5889adc18f0d025
805_1_PD_REST.mat	cf349fd6ece0dedb032175565915489d26a155626919419818e3e12b61d738dc
805_2_PD_REST.mat	ffe17da648da392cda823cc21377de8b5d1c8a4596e0b0c58a7379451cc76ac5
8060_1_PD_REST.mat	d8c2fefdbaa6bc2d76470c8510ff3ef4840fd858ff18f546b57d4000c6a96e40
806_1_PD_REST.mat	b84cb7c2f485205751f754f93c48eba12bf422d7dfc10b48682b0d89eb4f5910
806_2_PD_REST.mat	492e403f893962495a4092599063a14a875bd1d466916356fb5cffc85a49eee9
8070_1_PD_REST.mat	b7ed3d399c7f3558d7936f5e66d61606d1829aee9b7477836b6e2f2a75a180ea
807_1_PD_REST.mat	0b068c68d7a045ec5e84e26e7f539ffc2ffae28bafffd603664e6c60f5dfe238
807_2_PD_REST.mat	9aa5825bc24cae1dafba3a7f2805f6afe5b79bbd0640d8e205074111379f5481
808_1_PD_REST.mat	43b02e0e4608384d9f7e8128660dfa4225d0de7c21687697e13037acfaa3844e
808_2_PD_REST.mat	4ffa23ec4226ca40c7fa543b126549b07ab6690ea38d6be48d157d963ba6f2a4
809_1_PD_REST.mat	d07d7ecb5dccd74b8cce772c59d12d1dd9a87dda98e11b972dfe03d040e28bdb
809_2_PD_REST.mat	41ac108a10f85392d952e010ca38db319af55a54f961f3a51cc51ec33644a51b
810_1_PD_REST.mat	8b14a95f745dcb33193d4d1a3ef6b898087e086e18fa47500b3104aa8c7fb856
810_2_PD_REST.mat	8186f254a9f759ef73b6e702aa9c35259f840a423d63232a00a5132436987356
811_1_PD_REST.mat	425f08bf9bf93a9cdb45e1511f66c5a7a07c44974f90a50816787436778570a0
811_2_PD_REST.mat	164ac82d1458ed3c0c40853bdbed65a2eab057e2d86cc386c661d89b391078ee
813_1_PD_REST.mat	eb012f95b7d46ec852ce57eca188606d7713929072667d13ed9a4b9950aa3872
813_2_PD_REST.mat	75dc8b8045595b365d3ae20d2f31dbfa18c770ad0859491bb52c290a89acca5a
814_1_PD_REST.mat	53a8f7c55aca8b7add1434c33ebf25e3468736e9aa057963591e11b78e0a40a0
814_2_PD_REST.mat	057719d38d52fb6398b0490d466cdf767216d74bea5bf8a249b13cf76568b8f6
815_1_PD_REST.mat	c45165a52176470797d6ede3773137edb2d7814882c10bb772525bf2617429df
815_2_PD_REST.mat	1731a936bbe8c9eead35ea89d5dffd4162cc25294e818eee157b3b1466f4d1f5
816_1_PD_REST.mat	305e257b040720fdca6eca8ae81f00728fade6e6aa349974e1ce9ec93032306c
816_2_PD_REST.mat	5ce97eca216fae5f302352dca66d25f93e9eb0d532c5dd48d9e3cb76c79f48cc
817_1_PD_REST.mat	0d057b8726c71054a864059398b8e1a954e8219598620d6b364ce55652b117b6
817_2_PD_REST.mat	218596feab37cc1d0bd4df56581f15c9719c666a2bc89f20370c0850dfb92d82
818_1_PD_REST.mat	cfc77ec7badea69a0d1e28f9aec80fe4ed5c37b043c900bea802ca05499ce8d2
818_2_PD_REST.mat	b45289c6d79c2089412587fc97d98600e3454fb8b31c0e51a4880d79ff17b659
819_1_PD_REST.mat	8c0ed9bfbb5f4a8d9daa398c1c5fb78cc9e5babe7f0184cde707ad9e7d2589a4
819_2_PD_REST.mat	111896a0b2309712d42779fe523de21efb027836da44115ab4c39954ae182b55
820_1_PD_REST.mat	21c4e5df9ed3cf3902c5336342e3fc4e81a4a474927b8a9ea280becbbccc87f2
820_2_PD_REST.mat	833a5bce6dcbbbe5fc0910c6a6ec944b2890b8e64609f3f13aefba55d8e84cba
821_1_PD_REST.mat	7b2826160734baea94710bc750673b997bdbab27089c5a4913d44d5b2ff5912f
821_2_PD_REST.mat	d29371f5407894f6c99cb2cb317474eb0de5d2c3ab6f8b54cac2a3f29829192c
822_1_PD_REST.mat	4029bdd6d5bb65cec072847a08f343a0572b8bd48e05ad05c0cccdae10e63220
822_2_PD_REST.mat	209ecf1ae9932befea427ab090931e9280254ff9e3cb4b52882fdfa63f350c08
823_1_PD_REST.mat	917cf6a1ad4bd50ddf37543e8cba583595b908a2608c1aa249eaf274d7e3c883
823_2_PD_REST.mat	3ceb665213c1bf942fe7b9d9f43ce858eec4d7314f935bdcf9aca6687615c04a
824_1_PD_REST.mat	b0e7f469b40b1b75ab12a3f23d50e3420cc820a05739bb13c8ce4e6fbfb4f5ca
824_2_PD_REST.mat	528961339d7609c350b2cb8f359d6e2ee013363a30f5e0ef0538b34dffb73665
825_1_PD_REST.mat	e7d76d25d4747d13109423fb73f66942b9ade0ff8d4b00a97044a3a6a01ea06c
825_2_PD_REST.mat	1386bcfda484cd528a314b9b760ac337d6baecedd69deafb2722e3404bd49e5e
826_1_PD_REST.mat	94539228499f4364460db7c827c3eafddede3bd07997c40e583c9ef23f44c3a6
826_2_PD_REST.mat	8d4a60eb35c740f0097c8d2651955276bf99b95893357ed1c13822c1ef151b60
827_1_PD_REST.mat	f31a510c01ba63acffaccad2022256544c80944099f0a7840c2c873edf5735ee
827_2_PD_REST.mat	28e1f37ba5abf08e5ce7fb747237a384ec3a67a51620618d5be95f435427a1ae
828_1_PD_REST.mat	48b2a6f7d18299722e020105167f2122387a53cd428415f02d5d33c5fdf5bbf8
828_2_PD_REST.mat	8e77a644af1e900f224dd0cf98a1f39ab05903c13d5edb5db39b1a966b4ecfa5
829_1_PD_REST.mat	e406cf4a1075869c152ba983259b5371a10d319b117fe900bf3ec984e3416c40
829_2_PD_REST.mat	84e2d83cb1b073fc71a36bfc5369358c8b33336950bf93ca63bfc6617cb960c5
890_1_PD_REST.mat	d35be619687b6c4e6d8e3b49589da5220d3f870c57c127c6a924d9fa8281adf2
891_1_PD_REST.mat	77abced142422aa5e3812395713dc6abdd10f58565f73f96b6db17b12f1eaa4d
892_1_PD_REST.mat	1f9a3d62bde9c052c70a852f0a514d85d078546ac94243933be8959c5129454c
893_1_PD_REST.mat	4a85f569b2f4ae89659148e24412961d00096e9d9e9053c5002d4061e86ab8c5
894_1_PD_REST.mat	8841b99812d1e90ce4def5e2db8ffd15fac58840c0933eda42c974ceb894df8c
895_1_PD_REST.mat	ead1ab0a8fd9f649d672a9acc64354455d85fdfe6090951214993277ae2791e0
896_1_PD_REST.mat	16c314487c8807979ead9b31ce435efe64d492cfb13def4764708d2201fe2c6d
897_1_PD_REST.mat	ad7ccdf699dbef5a2559ef70a98fb0c2bf2a119f11cef850f76115203457ff2e
898_1_PD_REST.mat	ffce40a5c27464417181781151e8b7a93ba513aff87cd11ddb791aab50940e33
899_1_PD_REST.mat	41202690dd6640c9f29332ed20baf4511207edced4353090671ea62073f10e39
900_1_PD_REST.mat	b01b1428b594707d523a52840bcaad2f93471197f24abbcb922eae230fafc4da
901_1_PD_REST.mat	0b3aa96a569b2321b36d1fc8d82c3e076a5b1fad79e781b72e3fe47bba5d95f8
902_1_PD_REST.mat	7ea19f6b49f12a30ed984dc3417c032c959933f847224dfeabf947714af9b3aa
903_1_PD_REST.mat	3be31be7756bc7fc7ca72fe65de10560f9e7429a726064f81fb1a2dcfd66d048
904_1_PD_REST.mat	89f9f8ab908ff1b6921bfc3c0b3f34db69dab80de89af2e126cabf15284d47e8
905_1_PD_REST.mat	606008a09d0d91e5ac16e8642ad8abe0379912a4aaaecbdb001c8a87a22fe8d9
906_1_PD_REST.mat	db8ccd59f9470596779af3cb6a6e4d5a14830ff9c65bd6344e79152fea0123ef
907_1_PD_REST.mat	9dc857eb652275c1068de179fe2550d03edf347ff9b9e2f4cf414ddc750cecc7
908_1_PD_REST.mat	10b340316884d72a24520b824f1a05f8daeca336e44a04d68e9d90b6eabf4159
909_1_PD_REST.mat	a3b0f0ebf136999c0dddd64c91be582cb379966c06b67dec96f0877eda386912
910_1_PD_REST.mat	7cd96f22ec0afcd7247e96b3fe24eed7f9a4d825f128c1ae1f2c70614e2a6554
911_1_PD_REST.mat	73e7f94478680ec133d8e82efa5efb26f44b4ef3c8e6039f4a1db56a38f49a3e
912_1_PD_REST.mat	9d7ebcf42ac17fb2ff622b7a876ffddd80bc49ad90455cd86da70015a9f0ee1f
913_1_PD_REST.mat	b63d01d682c04752d130bc813003bb0205633ceda2407d2ef4b3503f437dd040
914_1_PD_REST.mat	9f980ca21d26b1783fe8fb3eff7d5091a240894c6ce878fc1bfa461c3e6993e7
IMPORT_ME_REST.xlsx	9932852c36c7ef8ccdb8716f43c6b763671803f9cc9fe11fea825b5c0c9adf99
