subject,channel,subtype,n_segments,mean_mi
n1,C4-A1,A1,348,0.018523123683621006
n1,C4-A1,A2,94,0.013176415653328806
n1,C4-A1,A3,76,0.007226880182322312
n2,C4-A1,A1,186,0.0100766131679719
n2,C4-A1,A2,72,0.007502850230121168
n2,C4-A1,A3,94,0.005406632444709625
n3,C4-A1,A1,130,0.012065666038407103
n3,C4-A1,A2,103,0.01259734918004652
n3,C4-A1,A3,106,0.008175881377854908
n4,C4-A1,A1,188,0.011300174561233198
n4,C4-A1,A2,42,0.007599290508282775
n4,C4-A1,A3,33,0.007482575923089869
n5,C4-A1,A1,452,0.014650417656176333
n5,C4-A1,A2,24,0.006752197711311939
n5,C4-A1,A3,60,0.009281573521887297
n6,C3-A2,A1,300,0.012455115203104302
n6,C3-A2,A2,111,0.009549435983989999
n6,C3-A2,A3,88,0.006742481124107764
n7,C3-A2,A1,289,0.013584843589477655
n7,C3-A2,A2,93,0.014620263559300958
n7,C3-A2,A3,34,0.010199805622549041
n8,C3-A2,A1,205,0.008741605363072608
n8,C3-A2,A2,79,0.0072742451009531845
n8,C3-A2,A3,155,0.004516622622310638
n9,C3-A2,A1,203,0.014285265949898962
n9,C3-A2,A2,55,0.011759271347330857
n9,C3-A2,A3,46,0.009034884994106292
n10,C4-A1,A1,163,0.009613822255971155
n10,C4-A1,A2,34,0.008806010128999103
n10,C4-A1,A3,60,0.0058700321987763815
n11,C4-A1,A1,228,0.00945611238970639
n11,C4-A1,A2,74,0.0114656660324415
n11,C4-A1,A3,49,0.006950828130093372
n12,C4-A1,A1,182,0.01581261893890128
n12,C4-A1,A2,28,0.011010243419445962
n12,C4-A1,A3,43,0.009235930578159803
n13,C4A1,A1,292,0.011176269587546207
n13,C4A1,A2,115,0.006624642652843475
n13,C4A1,A3,64,0.006313187781865038
n14,C4A1,A1,195,0.010546775328058746
n14,C4A1,A2,128,0.006040895029097851
n14,C4A1,A3,74,0.006134652453707083
n15,C4A1,A1,248,0.013148146953169895
n15,C4A1,A2,127,0.010761166847349393
n15,C4A1,A3,95,0.006878816234866087
n16,C4-A1,A1,314,0.010118810079559113
n16,C4-A1,A2,135,0.007451963692954695
n16,C4-A1,A3,68,0.005617377948594198
