rel	bytes	sha256	url
n1.edf	496456432	25d4e62a7a90d8245c71c7f168e34756238bb6ac7b1d43dcc75818d0331d43f4	https://physionet-open.s3.amazonaws.com/capslpdb/1.0.0/n1.edf
n1.txt	84246	913ffd33166376f7eb46c946377e5b4017ad38809b28757763cb5bfd71004143	https://physionet-open.s3.amazonaws.com/capslpdb/1.0.0/n1.txt
n10.edf	474168064	5da131fdc8a1c11c38a84c88f22a27f7df072153c65d3260c0bad01a2968263d	https://physionet-open.s3.amazonaws.com/capslpdb/1.0.0/n10.edf
n10.txt	56182	123718da69a6e4f90cb84e712855bef74c276bb07ed8556839aa15877d66fb5b	https://physionet-open.s3.amazonaws.com/capslpdb/1.0.0/n10.txt
n11.edf	518257688	4d40d4f5303385ef27d2b3f0789f3d55e7dde1773621a4c50fc3b243a9de03aa	https://physionet-open.s3.amazonaws.com/capslpdb/1.0.0/n11.edf
n11.txt	71536	8ff8bd061c395b3db71de0e988ea9f65ed48a72ae580d717db3865085784102a	https://physionet-open.s3.amazonaws.com/capslpdb/1.0.0/n11.txt
n12.edf	53462560	2025977ee59bad8f7766f856ab9fa410798c407f40be094753d98d1d57cfa92e	https://physionet-open.s3.amazonaws.com/capslpdb/1.0.0/n12.edf
n12.txt	61098	9c8f36ad88a8f7f6c65feda525eaedb2060ac73b59ed2f2b7fa14a9ddae6c2b7	https://physionet-open.s3.amazonaws.com/capslpdb/1.0.0/n12.txt
n13.edf	123596472	12fc77e1ee74f14a5375b1c08033f08debba2b4e485313da7cfe9f304b68a131	https://physionet-open.s3.amazonaws.com/capslpdb/1.0.0/n13.edf
n13.txt	73138	2ea87fbeb513c48748b9bee97ac4ea25d76d2426251186b2652533012c67076c	https://physionet-open.s3.amazonaws.com/capslpdb/1.0.0/n13.txt
n14.edf	130027472	e25af1fa67562d5e7661bc45c201ec98fde5089866f192cd4b1abd759f5ab521	https://physionet-open.s3.amazonaws.com/capslpdb/1.0.0/n14.edf
n14.txt	69390	9e6f41b61a42c920193a89a45f8d748913b111c6c666287fee70887491b3341f	https://physionet-open.s3.amazonaws.com/capslpdb/1.0.0/n14.txt
n15.edf	130463072	4681ca4d55bd15540b1bd855d22b63f9b44b2a22e45dac9870379a292b540159	https://physionet-open.s3.amazonaws.com/capslpdb/1.0.0/n15.edf
n15.txt	70835	32ee69553fede2c5a2b8aaf5ab93f0434288e3b21a2cf02e598cc1d0b1eac28f	https://physionet-open.s3.amazonaws.com/capslpdb/1.0.0/n15.txt
n16.edf	30801536	4e3119e03f58149feb39745fb0f0ca976cecc33ed8bc0366293d3d5fd8ac9766	https://physionet-open.s3.amazonaws.com/capslpdb/1.0.0/n16.edf
n16.txt	74669	470f44bf601d9b560f67fb6133da98c7853044aeffa3f079dfd383c063aba7f1	https://physionet-open.s3.amazonaws.com/capslpdb/1.0.0/n16.txt
n2.edf	372825496	2bea9302fb7a50a10558cddcb9a6666da55799e051b90fc5f4cd661943b68782	https://physionet-open.s3.amazonaws.com/capslpdb/1.0.0/n2.edf
n2.txt	45163	933b6aeedec614036af82e168e8bb314b8592b30315d31c004f5d058f3ae16a7	https://physionet-open.s3.amazonaws.com/capslpdb/1.0.0/n2.txt
n3.edf	550339550	d3c8e3cace8c2ed6c020ddfdd658ab344fcd0eceeee6b6f12a3d06747cd12ac2	https://physionet-open.s3.amazonaws.com/capslpdb/1.0.0/n3.edf
n3.txt	44965	ec11945397a2447198a2a0d19bc2993be224f7485192d9adbc3b6449f52d2826	https://physionet-open.s3.amazonaws.com/capslpdb/1.0.0/n3.txt
n4.edf	128740088	1bf376bc3debfb7dae36943f12a79ec7e1127a29efd6a886190748cf41db124c	https://physionet-open.s3.amazonaws.com/capslpdb/1.0.0/n4.edf
n4.txt	54423	5dd6efc5bb15b3f0df741115d308680727e0979bbda5a0c9208cb3db28cdedc6	https://physionet-open.s3.amazonaws.com/capslpdb/1.0.0/n4.txt
n5.edf	523373030	10a3ba52d2f2ee238f5885331c7b0b523c024a8c6e6f3a03ff8432f30fd72942	https://physionet-open.s3.amazonaws.com/capslpdb/1.0.0/n5.edf
n5.txt	78572	405513f56918cadeb2ea6bf253cf6ee3dabe07c3dae2fc58afa0931cc0ec4f33	https://physionet-open.s3.amazonaws.com/capslpdb/1.0.0/n5.txt
n6.edf	64770304	b3b7b0a0cdb98c7995c27a4a01c979dfa38291c8df7375cf8116b4170817116f	https://physionet-open.s3.amazonaws.com/capslpdb/1.0.0/n6.edf
n6.txt	48282	9991ac484252a396039e9bf1931ff373d9e67bbdd30aa89d95efc868ab40649d	https://physionet-open.s3.amazonaws.com/capslpdb/1.0.0/n6.txt
n7.edf	60500224	fd6b1ca9c177d52f32bac35ad0b5980b582738400cab47ed4c38bfa77f5ec962	https://physionet-open.s3.amazonaws.com/capslpdb/1.0.0/n7.edf
n7.txt	69641	43538aad1995aa5e2fa88046db9c1799abe2a6a79415c292418bf8363a3b2608	https://physionet-open.s3.amazonaws.com/capslpdb/1.0.0/n7.txt
n8.edf	92527040	8c88658438a8a280589c37498ab120c8ca1378f1adf03a2ecaee07ebd8b871d8	https://physionet-open.s3.amazonaws.com/capslpdb/1.0.0/n8.edf
n8.txt	52631	f64ba59182e28e7d7030406ef33d71ac7bf55781a94dadb74a3dde14f30d6706	https://physionet-open.s3.amazonaws.com/capslpdb/1.0.0/n8.txt
n9.edf	65417472	627faf4a41f20920267df1c58a37975e3a56d06da0cbf619c66d9334f232c132	https://physionet-open.s3.amazonaws.com/capslpdb/1.0.0/n9.edf
n9.txt	64802	93f6d6d1167a590adbabae9bc24c67dd17e50a345596b9d800acb6a9f91a4a3f	https://physionet-open.s3.amazonaws.com/capslpdb/1.0.0/n9.txt
