subject,subtype,n,dur,mi_raw,floor,mi_first4,n_first4,mi_debias
n1,A1,348,6.235632183908046,0.018523123683621,0.01577862213990244,0.02173668747615436,283,0.002744501543718561
n1,A2,94,7.946808510638298,0.013176415653328801,0.012053712390363321,0.018523547654309937,85,0.0011227032629654802
n1,A3,76,13.75,0.007226880182322312,0.007611481633776005,0.015429997074194115,71,-0.0003846014514536929
n10,A1,163,9.110429447852761,0.009613822255971145,0.008519773070678518,0.015419492848926394,156,0.0010940491852926286
n10,A2,34,9.882352941176471,0.008806010128999089,0.008498829018254035,0.01644904520087338,34,0.00030718111074505366
n10,A3,60,15.083333333333334,0.005870032198776407,0.006785642496115809,0.01552189322706333,56,-0.0009156102973394019
n11,A1,228,7.442982456140351,0.009456112389706407,0.00913136596734915,0.014541469440285264,210,0.0003247464223572592
n11,A2,74,7.621621621621622,0.011465666032441505,0.011194056514627761,0.014028222415864414,57,0.0002716095178137435
n11,A3,49,15.224489795918368,0.006950828130093381,0.007453720661940776,0.014749666239943539,36,-0.0005028925318473936
n12,A1,182,5.747252747252747,0.015812618938901277,0.015029107044590692,0.01875059447267257,160,0.0007835118943105865
n12,A2,28,5.464285714285714,0.011010243419445967,0.010363007634937174,0.013174765574718934,26,0.0006472357845087923
n12,A3,43,11.883720930232558,0.009235930578159782,0.0075420756542759855,0.013165119234281505,39,0.0016938549238837961
n13,A1,292,5.551369863013699,0.011176269587546203,0.01056733455854704,0.013076125577853311,242,0.0006089350289991639
n13,A2,115,8.782608695652174,0.006624642652843485,0.006743911370678958,0.010796122729655088,112,-0.00011926871783547267
n13,A3,64,11.4375,0.006313187781865028,0.005939332287863769,0.011859539223159266,64,0.0003738554940012598
n14,A1,195,5.3076923076923075,0.010546775328058745,0.00941702510688649,0.01236247448822185,178,0.0011297502211722542
n14,A2,128,9.640625,0.006040895029097866,0.005950761389592178,0.011841341626627885,128,9.013363950568866e-05
n14,A3,74,16.33783783783784,0.006134652453707074,0.005204579612481938,0.01578273828394472,73,0.0009300728412251356
n15,A1,248,5.830645161290323,0.013148146953169893,0.011599306788285767,0.016684792712898085,234,0.0015488401648841245
n15,A2,127,7.9921259842519685,0.010761166847349395,0.009660013320393448,0.016629809719627728,125,0.0011011535269559462
n15,A3,95,13.094736842105263,0.006878816234866068,0.006225012549163898,0.013648330828647253,86,0.0006538036857021713
n16,A1,314,7.1050955414012735,0.010118810079559094,0.010023375511670983,0.014978887888390217,260,9.54345678881113e-05
n16,A2,135,8.274074074074074,0.007451963692954688,0.007358838070376414,0.012867404875740346,122,9.312562257827415e-05
n16,A3,68,12.102941176470589,0.005617377948594204,0.00602198576656848,0.011187508275503952,61,-0.00040460781797427607
n2,A1,186,6.387096774193548,0.01007661316797194,0.00975550309056435,0.012738928824698013,169,0.0003211100774075913
n2,A2,72,9.555555555555555,0.007502850230121165,0.007432162977768059,0.01239093641066538,70,7.068725235310596e-05
n2,A3,94,13.180851063829786,0.005406632444709612,0.005550316493308329,0.01256042208277,90,-0.00014368404859871705
n3,A1,130,4.792307692307692,0.012065666038407096,0.012026429877764271,0.01134603651274493,85,3.923616064282465e-05
n3,A2,103,6.038834951456311,0.012597349180046498,0.011384803812647736,0.012453802407047913,81,0.0012125453673987598
n3,A3,106,9.584905660377359,0.008175881377854912,0.00795576919527615,0.013197924776428656,86,0.00022011218257875957
n4,A1,188,5.180851063829787,0.01130017456123321,0.010394110989690012,0.013000285297724725,144,0.0009060635715431983
n4,A2,42,8.166666666666666,0.007599290508282796,0.006870351346884826,0.012926508922026049,41,0.0007289391613979706
n4,A3,33,16.666666666666668,0.007482575923089874,0.00610034015756072,0.01418898300349798,30,0.0013822357655291534
n5,A1,452,6.265486725663717,0.01465041765617632,0.014157278969475183,0.018362076660791832,395,0.0004931386867011397
n5,A2,24,13.666666666666666,0.006752197711311896,0.00728040984910865,0.015601787300602812,23,-0.0005282121377967541
n5,A3,60,13.066666666666666,0.00928157352188739,0.010346910293527104,0.017105907756090548,50,-0.0010653367716397136
n6,A1,300,6.2,0.012455115203104303,0.011803922323905092,0.0177290519682553,285,0.0006511928791992122
n6,A2,111,8.63063063063063,0.009549435983989977,0.008142336474975906,0.014601564815194297,108,0.0014070995090140713
n6,A3,88,14.5,0.0067424811241077465,0.006788128829345408,0.013646995776513383,88,-4.564770523766239e-05
n7,A1,289,5.384083044982699,0.01358484358947766,0.012611714194870942,0.014427475532556022,225,0.0009731293946067163
n7,A2,93,5.688172043010753,0.014620263559300958,0.01332633089118222,0.01755005042907604,79,0.0012939326681187366
n7,A3,34,10.411764705882353,0.010199805622549046,0.009941197383232472,0.015551255333966316,28,0.000258608239316573
n8,A1,205,4.6292682926829265,0.008741605363072637,0.008350187260872458,0.008397645945806238,139,0.00039141810220017946
n8,A2,79,5.886075949367089,0.007274245100953158,0.006896585242858835,0.009126788382647879,70,0.0003776598580943224
n8,A3,155,11.35483870967742,0.0045166226223106645,0.00458650642462301,0.0092284308776551,151,-6.988380231234537e-05
n9,A1,203,4.995073891625616,0.014285265949898972,0.011861986058605913,0.014814924475523676,154,0.0024232798912930615
n9,A2,55,6.8,0.01175927134733088,0.011892770361772513,0.016102468221165227,50,-0.00013349901444163436
n9,A3,46,13.695652173913043,0.009034884994106296,0.009403527542698752,0.017529883517756743,44,-0.00036864254859245794
